22492,Space-O Technologies,An Enterprise Mobile App Development Company,/profile/space-o-technologies,https://www.spaceotechnologies.com,directory/mobile-application-developers,1
159151,Byteridge,Crafting Top-Notch Mobile and Cloud Apps,/profile/byteridge,http://byteridge.com,directory/mobile-application-developers,2
23346,Innofied Solution,Expect A 5 Stars ⭐⭐⭐⭐⭐ Customer Experience!,/profile/innofied-solution,https://www.innofied.com,directory/mobile-application-developers,2
45020,Excellent WebWorld,Mobile. Web. Cloud Technology Experts,/profile/excellent-webworld,https://www.excellentwebworld.com,directory/mobile-application-developers,2
26169,SimbirSoft,Creates value today to let you be first tomorrow,/profile/simbirsoft,https://www.simbirsoft.com,directory/mobile-application-developers,2
46830,RichestSoft,Web & Mobile Apps Development Company,/profile/richestsoft,https://www.richestsoft.com,directory/mobile-application-developers,2
31267,Ready4S,Custom web & mobile development,/profile/ready4s,http://www.ready4s.com,directory/mobile-application-developers,2
41778,FOONKIE MONKEY,WE REALLY LOVE MAKING APPS,/profile/foonkie-monkey,https://www.foonkiemonkey.co.uk,directory/mobile-application-developers,2
16947,Octal IT Solution,Mobile & Web Development -Startups & Enterprises,/profile/octal-it-solution,https://www.octalsoftware.com,directory/mobile-application-developers,2
31324,Master of Code Global,AI-Powered Conversational Solutions,/profile/master-code-global,https://masterofcode.com,directory/mobile-application-developers,2
16880,nomtek,"Innovation-driven software house (MOBILE, AR & XR)",/profile/nomtek,https://www.nomtek.com,directory/mobile-application-developers,2
1858,Dot Com Infoway,Making the Web & Mobile work for businesses,/profile/dot-com-infoway,https://www.dotcominfoway.com,directory/mobile-application-developers,2
32670,The Distance App Developers,Top 10 UK-based team with 10+ years mobile exp.,/profile/distance,https://thedistance.co.uk,directory/mobile-application-developers,2
27147,Clearbridge Mobile,Building Strong Mobile Relationships,/profile/clearbridge-mobile,https://clearbridgemobile.com,directory/mobile-application-developers,2
68874,Utility,AWARD-WINNING MOBILE DESIGN & DEVELOPMENT AGENCY,/profile/utility,https://utilitynyc.com,directory/mobile-application-developers,2
172198,Umbrella IT,Booster for the digital evolution of business,/profile/umbrella-it,http://umbrellait.com,directory/mobile-application-developers,2
27753,Shockoe,Mobile by Design,/profile/shockoe,http://www.shockoe.com,directory/mobile-application-developers,2
46156,STRV,Design and engineering team that delivers,/profile/strv,https://www.strv.com,directory/mobile-application-developers,2
11419,Atomic Object,The right software can change everything.,/profile/atomic-object,https://atomicobject.com,directory/mobile-application-developers,2
30273,Stfalcon,Mobile & Web App Development Company,/profile/stfalcon,https://stfalcon.com,directory/mobile-application-developers,2
134066,Adonis Software,Full-service global mobile app development agency,/profile/adonis-software,http://adonissoft.com,directory/mobile-application-developers,2
24254,e-Legion,Leading mobile application developer,/profile/e-legion,http://www.e-legion.com,directory/mobile-application-developers,2
170095,AgileEngine,High performing remote dedicated teams,/profile/agileengine,http://www.agileengine.com,directory/mobile-application-developers,2
35709,IDAP,Smart software for smart people,/profile/idap,http://www.idapgroup.com,directory/mobile-application-developers,2
140736,INLOOPX by Avast,Better Software,/profile/inloopx-avast,https://www.inloopx.com,directory/mobile-application-developers,2
22696,Waracle,Mobile Apps | IoT | AR/VR,/profile/waracle,http://waracle.net,directory/mobile-application-developers,2
25414,Sparx IT Solutions,"Custom-made, Professional & Effective solutions",/profile/sparx-it-solutions,https://www.sparxitsolutions.com,directory/mobile-application-developers,2
41836,Majestyk,Making experiences that leave lasting impressions,/profile/majestyk,http://majestykapps.com,directory/mobile-application-developers,2
18633,Credencys Solutions Inc.,Agile full stack software development company,/profile/credencys-solutions,http://www.credencys.com,directory/mobile-application-developers,2
33860,Cortex,Disrupt your Industry. Revolutionize your Business,/profile/cortex,https://cortexstudio.com,directory/mobile-application-developers,2
7282,Prismetric,Delivering Quality Products and Premium Services,/profile/prismetric,https://www.prismetric.com,directory/mobile-application-developers,2
72810,3Advance,"Real-Time Apps: Powered by AI, Driven by UX",/profile/3advance,https://3advance.com,directory/mobile-application-developers,2
46882,Indus Net Technologies Pvt. Ltd.,"Technology served with Passion, Commitment & Care",/profile/indus-net-technologies,http://www.indusnet.co.in,directory/mobile-application-developers,2
35127,3 SIDED CUBE,Technology For Good - Global App Developer,/profile/3-sided-cube,https://3sidedcube.com,directory/mobile-application-developers,2
53093,Uptech,Apps for bold ideas ✌️ Mobile & Web,/profile/uptech,https://uptech.team,directory/mobile-application-developers,2
146104,DIGIS,Smart Software Development,/profile/digis,https://digiscorp.com,directory/mobile-application-developers,2
419426,Exyte,We take pride in building great apps,/profile/exyte,https://exyte.com,directory/mobile-application-developers,2
241899,10Pearls,Creating intelligent experiences,/profile/10pearls,http://www.10pearls.com,directory/mobile-application-developers,2
38119,Saffron Tech,Web and Mobile Application Development Company,/profile/saffron-tech,https://www.saffrontech.net,directory/mobile-application-developers,2
17428,Apadmi,Restlessly Mobile,/profile/apadmi,https://www.apadmi.com,directory/mobile-application-developers,2
141682,Novoda,"Digital Product Agency based in UK, Europe, & USA",/profile/novoda,https://www.novoda.com,directory/mobile-application-developers,2
95360,Corporation Pop,Deeply engaging interactive experiences,/profile/corporation-pop,http://www.corporationpop.co.uk,directory/mobile-application-developers,3
103966,Jelvix,Global Tech Partner for Digital Transformation,/profile/jelvix,https://jelvix.com,directory/mobile-application-developers,3
19322,Simpalm,Creating Mobile Apps and Web Apps,/profile/simpalm,http://www.simpalm.com,directory/mobile-application-developers,3
26158,Dom & Tom,Digital Product Agency,/profile/dom-tom,http://domandtom.com,directory/mobile-application-developers,3
24854,The NineHertz,Eminent Mobile App & Web Development Company,/profile/ninehertz,https://theninehertz.com,directory/mobile-application-developers,3
34455,PixelCrayons,IT & Software Outsourcing Company,/profile/pixelcrayons,http://www.pixelcrayons.com,directory/mobile-application-developers,3
21176,IndiaNIC Infotech Limited,Digital Product Agency with Enterprise Experience,/profile/indianic-infotech,https://www.indianic.com,directory/mobile-application-developers,3
46919,Launchpad App Development,We transform innovative ideas into successful apps,/profile/launchpad,http://www.launchpadapps.com.au,directory/mobile-application-developers,3
36245,MobileUp,Mobile App Development. Spot on.,/profile/mobileup,http://en.mobileup.ru,directory/mobile-application-developers,3
52060,Impekable,Your Enterprise Design and Engineering Partner,/profile/impekable,http://www.impekable.com,directory/mobile-application-developers,3
28191,ARKA Softwares,#CreatingNextBigThing for You,/profile/arka-softwares,https://www.arkasoftwares.com,directory/mobile-application-developers,3
142510,iQlance Solutions,Top App Developers,/profile/iqlance,https://www.iqlance.com,directory/mobile-application-developers,3
36911,Endive Software,"Envision, Enhance, Empower",/profile/endive-software,http://www.endivesoftware.com,directory/mobile-application-developers,3
29279,Hidden Brains InfoTech,Web & Mobile App Development Company,/profile/hidden-brains-infotech,http://www.hiddenbrains.com,directory/mobile-application-developers,3
33488,Apptunix,"Your Vision, Our Passion",/profile/apptunix,http://www.apptunix.com,directory/mobile-application-developers,3
17299,Boston Technology Corporation,Your Partner in Digital Health Innovation,/profile/boston-technology-corporation,http://www.boston-technology.com,directory/mobile-application-developers,3
83356,Heady,make it heady.,/profile/heady,http://www.heady.io,directory/mobile-application-developers,3
40017,Table XI,Custom Apps: Tech Done Right,/profile/table-xi,https://www.tablexi.com,directory/mobile-application-developers,3
25925,NS804,Mobile Application Development Experts,/profile/ns804,http://www.ns804.com,directory/mobile-application-developers,3
162442,APPLIFY,Reimagining Mobile App Design & Development,/profile/applify,https://www.applify.co,directory/mobile-application-developers,3
75392,Wve Labs,An Unparalleled Blend of Art and Engineering,/profile/wve-labs,https://wvelabs.com,directory/mobile-application-developers,3
16032,Brightec,Native Mobile App Development,/profile/brightec,http://www.brightec.co.uk,directory/mobile-application-developers,3
11287,Mubaloo,Making People's lives better through Digital,/profile/mubaloo,http://mubaloo.com,directory/mobile-application-developers,3
102708,Lean Apps,An app agency offering mobile and web apps,/profile/lean-apps,http://www.theleanapps.com,directory/mobile-application-developers,3
40526,Heads and Hands,Build a better future for businesses and people,/profile/heads-hands,https://handh.ru,directory/mobile-application-developers,3
236550,Rantmedia,Think. Make. Innovate.,/profile/rantmedia,http://www.rantmedia.com,directory/mobile-application-developers,3
7014,AndPlus,"AI, Web, Mobile, IoT, App Design & Development",/profile/andplus,https://www.andplus.com,directory/mobile-application-developers,3
97397,Logicspice Consultancy Pvt Ltd.,Best Apps & Developers,/profile/logicspice-consultancy,https://www.logicspice.com,directory/mobile-application-developers,3
34273,Chelsea Apps,We challenge your ideas so users don’t have to!,/profile/chelsea-apps,http://chelsea-apps.com,directory/mobile-application-developers,3
21151,Iflexion,Advanced Web Solutions & Enterprise Web Apps,/profile/iflexion,https://www.iflexion.com,directory/mobile-application-developers,3
51511,InfiCare Technologies,Changing The World Through Technology,/profile/inficare-technologies,http://www.inficaretech.com,directory/mobile-application-developers,3
45157,Designli,Transformative By Design.,/profile/designli,https://designli.co,directory/mobile-application-developers,3
6128,"DMI (Digital Management, Inc.)",Driving Mobile Innovation,/profile/dmi-digital-management,http://dminc.com,directory/mobile-application-developers,3
45018,Xicom Technologies,Mobile App Development / Web / Software Solutions,/profile/xicom-technologies,http://www.xicom.biz,directory/mobile-application-developers,3
10982,Wave Digital,Building Mobile & Web Apps That Make Lives Better,/profile/wave-digital,http://wavedigital.com.au,directory/mobile-application-developers,3
20294,Futurist Labs,A mobile future for startups and leading brands.,/profile/futurist-labs,http://www.futurist-labs.com,directory/mobile-application-developers,3
5021,OpenXcell,A Leading Mobile App Development Company,/profile/openxcell,https://www.openxcell.com,directory/mobile-application-developers,3
505198,Appventurez,Leading Mobile and Web App Development Company,/profile/appventurez,https://www.appventurez.com,directory/mobile-application-developers,3
19093,Smartym Pro,"Mobile, Blockchain",/profile/smartym-pro,https://smartym.pro,directory/mobile-application-developers,3
41963,HubSpire,Award-Winning Mobile and Web Site Developer,/profile/hubspire,http://www.hubspire.com,directory/mobile-application-developers,3
6128,"DMI (Digital Management, Inc.)",Driving Mobile Innovation,/profile/dmi-digital-management,http://dminc.com,directory/mobile-application-developers,4
10982,Wave Digital,Building Mobile & Web Apps That Make Lives Better,/profile/wave-digital,http://wavedigital.com.au,directory/mobile-application-developers,4
5021,OpenXcell,A Leading Mobile App Development Company,/profile/openxcell,https://www.openxcell.com,directory/mobile-application-developers,4
110312,Inventive Mobile,We design and develop beautiful mobile apps.,/profile/inventive-mobile,https://www.inventivemobile.com,directory/mobile-application-developers,4
45018,Xicom Technologies,Mobile App Development / Web / Software Solutions,/profile/xicom-technologies,http://www.xicom.biz,directory/mobile-application-developers,4
5996,DevelopmentNow,"Innovative Mobile, Web, and Emerging Technology",/profile/developmentnow,http://developmentnow.com,directory/mobile-application-developers,4
39983,Zudu,"Award Winning Apps - Design, Develop, Market",/profile/zudu,http://www.zudu.co.uk,directory/mobile-application-developers,4
35933,Vrinsoft Technology,Indian Mobile App Development Company,/profile/vrinsoft-technology,http://www.vrinsofts.com,directory/mobile-application-developers,4
497670,Vincit California,Software Development Expert and Design Services,/profile/vincit-california,https://vincit.com,directory/mobile-application-developers,4
93054,Arbisoft,Tech partner for startups looking to make it big,/profile/arbisoft,https://arbisoft.com,directory/mobile-application-developers,4
256377,MyOxygen,Apps that change the way people work and live,/profile/myoxygen,http://www.myoxygen.co.uk,directory/mobile-application-developers,4
6333,thoughtbot,Let's make your product and team a success.,/profile/thoughtbot,https://thoughtbot.com,directory/mobile-application-developers,4
17774,Yudiz Solutions Pvt. Ltd.,Top Mobile Apps and Games Development company,/profile/yudiz-solutions,http://www.yudiz.com,directory/mobile-application-developers,4
38544,Five Pack Creative,Big Things for Small Screens,/profile/five-pack-creative,https://fivepackcreative.com,directory/mobile-application-developers,4
19970,Eight Bit Studios,The best mobile and web apps in Chicago,/profile/eight-bit-studios,https://eightbitstudios.com,directory/mobile-application-developers,4
16825,MLSDev,World-class mobile and web development agency,/profile/mlsdev,https://mlsdev.com,directory/mobile-application-developers,4
19730,Savvycom Software,Most Trusted App Developer & Tech Partner,/profile/savvycom-jjc,http://www.savvycomsoftware.com,directory/mobile-application-developers,4
20294,Futurist Labs,A mobile future for startups and leading brands.,/profile/futurist-labs,http://www.futurist-labs.com,directory/mobile-application-developers,4
38193,OpenSource Technologies Inc.,Web | Mobile | Digital Marketing | Cloud,/profile/opensource-technologies,https://www.ost.agency,directory/mobile-application-developers,4
19974,Bottle Rocket,"Custom Mobile Design, Strategy, Development",/profile/bottle-rocket,http://www.bottlerocketstudios.com,directory/mobile-application-developers,4
17822,Singsys,Top Mobile App Developers that Singapore Trusts,/profile/singsys-pte,https://www.singsys.com,directory/mobile-application-developers,4
35479,Agile Infoways,Award winning Mobile | Web | ERP/CRM Company,/profile/agile-infoways,http://www.agileinfoways.com,directory/mobile-application-developers,4
80511,KODE,Best people do best work in app development&IoT,/profile/kode,https://kode.ru,directory/mobile-application-developers,4
31099,Toptal,Hire the top 3% of freelance talent.,/profile/toptal,https://www.toptal.com,directory/mobile-application-developers,4
149455,Postlight,Modern platforms for modern business,/profile/postlight,https://postlight.com,directory/mobile-application-developers,4
65260,"TechJini, Inc",Google Certified App Development Company,/profile/techjini,https://www.techjini.com,directory/mobile-application-developers,4
18408,CognitiveClouds,We Create Transformative Software Products.,/profile/cognitiveclouds,https://www.cognitiveclouds.com,directory/mobile-application-developers,4
32691,TriState Technology LLP,Full stack mobile and web app development company,/profile/tristate-technology-llp,http://www.tristatetechnology.com,directory/mobile-application-developers,4
231993,Elegant Media,ISO9001 Quality Certified Mobile App Development,/profile/elegant-media,http://www.elegantmedia.com.au,directory/mobile-application-developers,4
27704,AD:60 Agency LLC,We Create Lasting Experiences,/profile/ad60-agency,http://www.ad60.com,directory/mobile-application-developers,4
620227,Appetiser,Get a Working Version of Your App Every 6 Weeks,/profile/appetiser,http://www.appetiser.com.au,directory/mobile-application-developers,4
35734,Netsells Group,Building Something Better,/profile/netsells-group,https://netsells.co.uk,directory/mobile-application-developers,4
49351,Chili Labs,We make mobile apps,/profile/chili-labs,https://chililabs.io,directory/mobile-application-developers,4
79874,Orangesoft,Mobile App & Web Design and Development,/profile/orangesoft,https://orangesoft.co,directory/mobile-application-developers,4
18793,RNF Technologies,Architects of tomorrow,/profile/rnf-technologies,https://www.rnftechnologies.com,directory/mobile-application-developers,4
25722,iD EAST,Best practices of mobile development,/profile/id-east,http://id-east.ru,directory/mobile-application-developers,4
130377,Thumbmunkeys Ltd,Turning your ideas into brilliant apps,/profile/thumbmunkeys,http://www.thumbmunkeys.com,directory/mobile-application-developers,4
25335,Peerbits,"Delivering Excellence, Righteously",/profile/peerbits,http://www.peerbits.com,directory/mobile-application-developers,4
94582,The Sneakers Agency,INNOVATING JUST GOT EASIER,/profile/sneakers-agency,https://sneakersagency.com,directory/mobile-application-developers,4
30648,Atmosphere Apps,Creating innovative products for professionals.,/profile/atmosphere-apps,http://www.atmoapps.com,directory/mobile-application-developers,4
46661,Softermii,Achieve timely and cost-effective results!,/profile/softermii,http://www.softermii.com,directory/mobile-application-developers,5
741837,Tapston,Full Cycle Software Development Company,/profile/tapston,https://tapston.com,directory/mobile-application-developers,5
35363,iCoderz Solutions Pvt. Ltd.,Mobile Apps & Website Solution Provider,/profile/icoderz-solutions,http://www.icoderzsolutions.com,directory/mobile-application-developers,5
18241,111 Minutes,"Strategy, Design, Development. Web and Mobile.",/profile/111-minutes,http://www.111minutes.com,directory/mobile-application-developers,5
292562,Pairroxz Technologies,A Place Where Code means Creativity,/profile/pairroxz-technologies,http://www.pairroxz.com,directory/mobile-application-developers,5
28773,molfar.io,Fast MVPs for Startups,/profile/molfario,http://www.molfar.io,directory/mobile-application-developers,5
102369,Flexsin Inc.,Custom Mobile Apps & Web Development Company,/profile/flexsin,http://www.flexsin.com,directory/mobile-application-developers,5
316096,Sileria,Creative & Innovative Mobile Apps since 2001,/profile/sileria,http://sileria.com,directory/mobile-application-developers,5
255906,Monstar Lab,Your Strategic Development Partner,/profile/monstar-lab,https://monstar-lab.com,directory/mobile-application-developers,5
58446,A.Y. Technologies,Focused on helping entrepreneurs and startups,/profile/ay-technologies,https://www.aytech.ca,directory/mobile-application-developers,5
34048,ISBX,Interactive. Strategy. Branding. Execution,/profile/isbx,http://www.isbx.com,directory/mobile-application-developers,5
160051,Deligence Technologies Pvt. Ltd.,"Communication, Commitment, and Quality",/profile/deligence-technologies,https://www.deligence.com,directory/mobile-application-developers,5
43580,Ampersand + Ampersand,Co-creating innovation in digital healthcare,/profile/ampersand-ampersand,http://3amp.co,directory/mobile-application-developers,5
597176,Exploding Phone,West Midland Native App Developers,/profile/exploding-phone,http://www.explodingphone.com,directory/mobile-application-developers,5
996508,Differenz System,We make a difference,/profile/differenz-system,https://www.differenzsystem.com,directory/mobile-application-developers,5
420388,GeekyAnts,Mobile and Web Development Experts,/profile/geekyants,http://geekyants.com,directory/mobile-application-developers,5
139503,CleverPumpkin,Mobile Apps Development for iOS and Android,/profile/cleverpumpkin,http://cleverpumpkin.ru,directory/mobile-application-developers,5
68333,jācapps,Experienced iOS and Android App Developers,/profile/j%C4%81capps,http://www.jacapps.com,directory/mobile-application-developers,5
40449,Nettechnocrats,Over 1000+ Website and Mobile App delivered global,/profile/nettechnocrats,http://www.nettechnocrats.com,directory/mobile-application-developers,5
18489,Infrared5,"Yeah, we can build that",/profile/infrared5,http://www.infrared5.com,directory/mobile-application-developers,5
771528,AB4 Systems,We build impactful software products,/profile/ab4-systems,https://www.ab4.systems,directory/mobile-application-developers,5
24864,InfoShell,Mobile & Web Development,/profile/infoshell,http://infoshell.net,directory/mobile-application-developers,5
284007,Dropsource,Full Stack Mobile Development Agency,/profile/dropsource,https://dropsource.com,directory/mobile-application-developers,5
150292,Sonin App Development,We Design and Build Outstanding Apps,/profile/sonin-app-development,https://www.sonin.agency,directory/mobile-application-developers,5
120882,Norbsoft,We design and build remarkable mobile apps,/profile/norbsoft,http://www.norbsoft.com,directory/mobile-application-developers,5
84469,WOXAPP,Mobile applications for startups and businesses,/profile/woxapp,https://woxapp.com,directory/mobile-application-developers,5
70682,BlueFletch,Enterprise Mobility Experts,/profile/bluefletch,http://www.bluefletch.com,directory/mobile-application-developers,5
142780,App Design Company,Bringing Your App Ideas to Life,/profile/app-design-company,http://www.appdesigncompany.com,directory/mobile-application-developers,5
15700,Glance Creative Ltd.,We're award-winning app developers.,/profile/glance-creative,http://thisisglance.com,directory/mobile-application-developers,5
134132,14 Oranges Software,Mobile App & Website Development Experts,/profile/14-oranges-software,http://www.14oranges.com,directory/mobile-application-developers,5
40761,ANODA Mobile Development Agency,Make your app come true,/profile/anoda-mobile-development-agency,https://anoda.mobi,directory/mobile-application-developers,5
41791,Erminesoft,Wild Ideas Tamed,/profile/erminesoft,http://erminesoft.com,directory/mobile-application-developers,5
341697,"Design Center, Inc.",We Make Ideas a Reality,/profile/design-center,http://designcenterideas.com,directory/mobile-application-developers,5
19936,Consagous Technologies,Grow IT Together,/profile/consagous-technologies,https://www.consagous.com,directory/mobile-application-developers,5
24160,Empire Elements,Web and mobile app development company in LONDON,/profile/empire-elements,https://www.empire-elements.co.uk,directory/mobile-application-developers,5
67202,appsolute GmbH,German mobile app developer,/profile/appsolute-gmbh,https://www.appsolute.de,directory/mobile-application-developers,5
43280,Seasia Infotech,Top Rated Mobile App & Web Development Company,/profile/seasia-infotech,https://www.seasiainfotech.com,directory/mobile-application-developers,5
37502,Big Nerd Ranch,Designing and Building Brilliant Digital Products,/profile/big-nerd-ranch,https://www.bignerdranch.com,directory/mobile-application-developers,5
381822,Yellow,Awesome web and mobile products for your business,/profile/yellow,https://yellow.systems,directory/mobile-application-developers,5
49744,Topflight Apps,Best-in-Class Healthcare & Fintech Mobile Apps,/profile/topflight-apps,http://www.topflightapps.com,directory/mobile-application-developers,5
32656,bright inventions,Software Development Studio,/profile/bright-inventions,http://brightinventions.pl,directory/mobile-application-developers,6
57491,OneByte,Appifying Incredible Ideas,/profile/onebyte,https://onebytellc.com,directory/mobile-application-developers,6
19468,Factorial Complexity,Polished Mobile Development and UI/UX Design,/profile/factorial-complexity,http://factorialcomplexity.com,directory/mobile-application-developers,6
517266,Ajath,#1 Mobile App Development Company,/profile/ajath,http://www.ajath.com,directory/mobile-application-developers,6
24469,MEDL Mobile,"Mobile strategy, design, development, marketing",/profile/medl-mobile,http://www.medlmobile.com,directory/mobile-application-developers,6
22565,RIKSOF,A Mobile and Web App Development Company,/profile/riksof,http://www.riksof.com,directory/mobile-application-developers,6
19648,Tmob Tech Inc.,we design & develop valuable mobile experiences,/profile/tmob-tech,http://tmobtech.com,directory/mobile-application-developers,6
422313,CMOLDS,Molding Creativity,/profile/cmolds,http://www.cmolds.com,directory/mobile-application-developers,6
482052,WebGuru Infosystems Pvt. Ltd.,"Website Design, Mobile App & Digital Marketing",/profile/webguru-infosystems,https://www.webguru-india.com,directory/mobile-application-developers,6
25919,Touch Instinct,Custom mobile applications development,/profile/touch-instinct,http://touchinstinct.com,directory/mobile-application-developers,6
86668,Intelivita,Immersive Mobile App and Web Development Solution,/profile/intelivita,http://www.intelivita.co.uk,directory/mobile-application-developers,6
22550,Redmadrobot,Our apps are game-changers,/profile/redmadrobot,http://www.redmadrobot.com,directory/mobile-application-developers,6
33916,MediaSoft Mobile,mobile software development,/profile/mediasoft-mobile,http://mediasoft.team,directory/mobile-application-developers,6
225104,LoyaltyPlant,LoyaltyPlant,/profile/loyaltyplant,http://www.loyaltyplant.com,directory/mobile-application-developers,6
24118,inFullMobile,Digital product design & development studio,/profile/infullmobile,https://infullmobile.com,directory/mobile-application-developers,6
30729,Polidea,Polidea - Unique Tech,/profile/polidea,http://www.polidea.com,directory/mobile-application-developers,6
87210,BrancoSoft,BrancoSoft- Mobile App Development Agency -,/profile/brancosoft,http://www.brancosoft.com,directory/mobile-application-developers,6
38038,eSparkBiz,Award Winning Enterprise Web & Mobile App Company,/profile/esparkbiz,https://www.esparkinfo.com,directory/mobile-application-developers,6
27405,DreamWalk,More #1 charting apps than any other developer.,/profile/dreamwalk,https://www.dreamwalk.com.au,directory/mobile-application-developers,6
30666,PromptWorks,Handcrafted software for remarkable companies,/profile/promptworks,https://www.promptworks.com,directory/mobile-application-developers,6
35229,Red C London,Mobile App Design and Development,/profile/red-c-london,https://www.red-c.co.uk,directory/mobile-application-developers,6
86260,InnoviMobile,"12 years of happy clients, 1 hour Inquiry response",/profile/innovimobile,https://www.innovimobile.com,directory/mobile-application-developers,6
397205,"Ingenuity Global Consulting, Inc.",Agile Software Development - Engineering Awesome,/profile/ingenuity-global-consulting,https://ingenuity.ph,directory/mobile-application-developers,6
171436,INMIND,"Mobile apps experts iOS, Android and Blockchain",/profile/inmind,http://www.inmind.com.uy,directory/mobile-application-developers,6
22860,July Rapid,Handcrafted Digital Experiences,/profile/july-rapid,https://dnaspaces.cisco.com,directory/mobile-application-developers,6
541402,Mobile Mentor,mobile apps with security & support services,/profile/mobile-mentor,https://www.mobile-mentor.com,directory/mobile-application-developers,6
590352,AppEmporio,Mobile App Development Company,/profile/appemporio,https://www.appemporio.com,directory/mobile-application-developers,6
151204,Dean Infotech,PHP | .Net | Laravel | Android & iOS | Salesforce,/profile/dean-infotech,https://www.deaninfotech.com,directory/mobile-application-developers,6
20393,Omega-R,Mobile App Design and Development Services,/profile/omega-r,http://www.omega-r.com,directory/mobile-application-developers,6
5611,Ethervision,Harmony through Coding and Connection,/profile/ethervision,https://ethervision.net,directory/mobile-application-developers,6
83577,Yugasa Software Labs,Developing Big for Everyone,/profile/yugasa-software-labs,http://www.yugasa.com,directory/mobile-application-developers,6
38756,App Partner,Award-Winning Apps Created By a Team You'll Trust,/profile/app-partner,https://www.apppartner.com,directory/mobile-application-developers,6
70342,Techversant Infotech,Experience Digital Innovation,/profile/techversant-infotech,http://www.techversantinfotech.com,directory/mobile-application-developers,6
869099,DECODE HQ,Mobile app partner for leading software companies,/profile/decode-hq,https://decode.agency,directory/mobile-application-developers,6
3724,DeviceBee Technologies,Innovative Mobile Apps and Technology solutions,/profile/devicebee-technologies,https://www.devicebee.com,directory/mobile-application-developers,6
28509,Solution Analysts,Crafted Mobile App Development and IoT Solutions,/profile/solution-analysts,https://www.solutionanalysts.com,directory/mobile-application-developers,6
20514,Appstem,We Build Mission Critical Digital Solutions,/profile/appstem,http://www.appstem.com,directory/mobile-application-developers,6
772168,Metova,"Software Company in Franklin, Tennessee",/profile/metova,https://metova.com,directory/mobile-application-developers,6
22023,Codewave Technologies,Design Thinking Led Digital Transformation,/profile/codewave-technologies,https://codewave.com,directory/mobile-application-developers,6
31547,Clearly Innovative,Transform Your Vision Into A Mobile Solution,/profile/clearly-innovative,http://www.clearlyinnovative.com,directory/mobile-application-developers,6
